{
  "北京": [116.46, 39.92],
  "上海": [121.48, 31.22],
  "广州": [113.23, 23.16],
  "杭州": [120.19, 30.26],
  "成都": [104.06, 30.67],
  "深圳": [114.07, 22.62],
  "南京": [118.78, 32.04],
  "武汉": [114.31, 30.52],
  "重庆": [106.54, 29.59],
  "西安": [108.95, 34.27],
  "苏州": [120.62, 31.32],
  "天津": [117.2, 39.13],
  "长沙": [113, 28.21],
  "厦门": [118.1, 24.46],
  "青岛": [120.33, 36.07],
  "昆明": [102.73, 25.04],
  "沈阳": [123.38, 41.8],
  "郑州": [113.65, 34.76],
  "大连": [121.62, 38.92],
  "宁波": [121.56, 29.86],
  "济南": [117, 36.65],
  "福州": [119.3, 26.08],
  "哈尔滨": [126.63, 45.75],
  "合肥": [117.27, 31.86],
  "无锡": [120.29, 31.59],
  "长春": [125.35, 43.88],
  "南昌": [115.89, 28.68],
  "南宁": [108.33, 22.84],
  "温州": [120.65, 28.01],
  "石家庄": [114.48, 38.03],
  "太原": [112.53, 37.87],
  "珠海": [113.52, 22.3],
  "嘉兴": [120.76, 30.77],
  "常州": [119.95, 31.79],
  "贵阳": [106.71, 26.57],
  "绍兴": [120.58, 30.01],
  "兰州": [103.73, 36.03],
  "泉州": [118.58, 24.93],
  "扬州": [119.42, 32.39],
  "中山": [113.38, 22.52],
  "洛阳": [112.44, 34.7],
  "南通": [121.05, 32.08],
  "佛山": [113.11, 23.05],
  "海口": [110.35, 20.02],
  "徐州": [117.2, 34.26],
  "台州": [121.420757, 28.656386],
  "保定": [115.48, 38.85],
  "东莞": [113.75, 23.04],
  "金华": [119.64, 29.12],
  "烟台": [121.39, 37.52],
  "镇江": [119.44, 32.2],
  "舟山": [122.207216, 29.985295],
  "桂林": [110.28, 25.29],
  "芜湖": [118.38, 31.33],
  "邯郸": [114.47, 36.6],
  "吉林": [126.57, 43.87],
  "淄博": [118.05, 36.78],
  "泰州": [119.9, 32.49],
  "汕头": [116.69, 23.39],
  "唐山": [118.02, 39.63],
  "盐城": [120.13, 33.38],
  "绵阳": [104.73, 31.48],
  "临沂": [118.35, 35.05],
  "湖州": [120.1, 30.86],
  "威海": [122.1, 37.5],
  "聊城": [115.97, 36.45],
  "惠州": [114.4, 23.09],
  "西宁": [101.74, 36.56],
  "赣州": [114.93, 25.83],
  "日照": [119.46, 35.42],
  "宜昌": [111.3, 30.7],
  "秦皇岛": [119.57, 39.95],
  "潍坊": [119.1, 36.62],
  "郴州": [113.01, 25.77],
  "南充": [106.110698, 30.837793],
  "牡丹江": [129.58, 44.6],
  "荆州": [112.239741, 30.335165],
  "大同": [113.3, 40.12],
  "柳州": [109.4, 24.33],
  "信阳": [114.09, 32.14],
  "三亚": [109.511909, 18.252847],
  "马鞍山": [118.48, 31.56],
  "肇庆": [112.44, 23.05],
  "湛江": [110.359377, 21.270708],
  "泰安": [117.13, 36.18],
  "大庆": [125.03, 46.58],
  "济宁": [116.59, 35.38],
  "淮安": [119.15, 33.5],
  "九江": [115.97, 29.71],
  "漳州": [117.64, 24.51],
  "泸州": [105.39, 28.91],
  "连云港": [119.16, 34.59],
  "乐山": [103.76, 29.55],
  "衡阳": [112.57, 26.89],
  "焦作": [113.21, 35.24],
  "锦州": [121.15, 41.13],
  "沧州": [116.83, 38.33],
  "江门": [113.06, 22.61],
  "南平": [118.17, 26.64],
  "丽水": [119.92, 28.45],
  "邢台": [114.48, 37.05],
  "蚌埠": [117.39, 32.92],
  "莱芜": [117.67, 36.19],
  "安庆": [117.06, 30.54],
  "潮州": [116.63, 23.68],
  "宜春": [114.42, 27.82],
  "廊坊": [116.7, 39.53],
  "拉萨": [91.11, 29.97],
  "新乡": [113.93, 35.3],
  "龙岩": [117.02, 25.08],
  "三明": [117.64, 26.26],
  "韶关": [113.62, 24.84],
  "吉安": [114.99, 27.11],
  "自贡": [104.778442, 29.33903],
  "开封": [114.35, 34.79],
  "揭阳": [116.35, 23.55],
  "景德镇": [117.18, 29.27],
  "湘潭": [112.91, 27.87],
  "东营": [118.49, 37.46],
  "滁州": [118.32, 32.3],
  "天水": [105.72, 34.58],
  "茂名": [110.88, 21.68],
  "亳州": [115.78, 33.84],
  "玉溪": [102.52, 24.35],
  "莆田": [119.01, 25.45],
  "齐齐哈尔": [123.97, 47.33],
  "常德": [111.69, 29.05],
  "衢州": [118.88, 28.97],
  "宝鸡": [107.15, 34.38],
  "遵义": [106.9, 27.7],
  "宣城": [118.76, 30.94],
  "宜宾": [104.56, 29.77],
  "阜阳": [115.81, 32.89],
  "盘锦": [122.070714, 41.119997],
  "长治": [113.08, 36.18],
  "上饶": [117.94, 28.45],
  "丹东": [124.37, 40.13],
  "平顶山": [113.29, 33.75],
  "荆门": [112.2, 31.04],
  "铁岭": [123.73, 42.22],
  "延安": [109.47, 36.6],
  "银川": [106.27, 38.47],
  "营口": [122.18, 40.65],
  "平凉": [106.67, 35.54],
  "玉林": [110.16, 22.64],
  "云浮": [112.02, 22.93],
  "宿州": [116.96, 33.65],
  "酒泉": [98.49, 39.73],
  "抚州": [116.36, 27.95],
  "滨州": [118.03, 37.36],
  "朝阳": [120.47, 41.59],
  "安阳": [114.35, 36.1],
  "淮南": [117, 32.63],
  "清远": [113.01, 23.7],
  "咸阳": [108.72, 34.36],
  "承德": [117.93, 40.97],
  "遂宁": [105.59, 30.53],
  "宿迁": [118.3, 33.96],
  "黑河": [127.53, 50.25],
  "宁德": [119.55, 26.67],
  "本溪": [123.73, 41.3],
  "汕尾": [115.375279, 22.786211],
  "梧州": [111.28, 23.48],
  "丽江": [100.23, 26.86],
  "邵阳": [111.47, 27.24],
  "鹰潭": [117.07, 28.26],
  "黄山": [118.34, 29.71],
  "临汾": [111.5, 36.08],
  "德阳": [104.37, 31.13],
  "达州": [107.47, 31.21],
  "运城": [111.01, 35.03],
  "阳泉": [113.57, 37.85],
  "朔州": [112.43, 39.33],
  "渭南": [109.5, 34.52],
  "新余": [114.92, 27.82],
  "怀化": [110, 27.55],
  "雅安": [103.01, 29.98],
  "六安": [116.52, 31.73],
  "保山": [99.16, 25.11],
  "曲靖": [103.79, 25.51],
  "十堰": [110.8, 32.63],
  "株洲": [113.16, 27.83],
  "周口": [114.7, 33.63],
  "鹤岗": [130.3, 47.35],
  "铜川": [109.11, 35.09],
  "钦州": [108.65, 21.98],
  "鞍山": [122.85, 41.12],
  "铜陵": [117.81, 30.95],
  "三门峡": [111.19, 34.76],
  "驻马店": [114.02, 33.01],
  "黄冈": [114.87, 30.45],
  "随州": [113.38, 31.69],
  "黄石": [115.04, 30.2],
  "防城港": [108.35, 21.69],
  "陇南": [104.92, 33.4],
  "鸡西": [130.97, 45.3],
  "定西": [104.63, 35.58],
  "枣庄": [117.57, 34.86],
  "辽阳": [123.24, 41.27],
  "漯河": [114.02, 33.58],
  "商洛": [109.94, 33.87],
  "梅州": [116.1, 24.55],
  "榆林": [109.73, 38.29],
  "武威": [102.64, 37.93],
  "商丘": [115.66, 34.41],
  "汉中": [107.02, 33.07],
  "嘉峪关": [98.289152, 39.77313],
  "池州": [117.49, 30.66],
  "咸宁": [114.32, 29.84],
  "吴忠": [106.2, 38],
  "吕梁": [111.14, 37.52],
  "淮北": [116.8, 33.96],
  "双鸭山": [131.16, 46.65],
  "安康": [109.03, 32.68],
  "贺州": [111.57, 24.4],
  "濮阳": [115.03, 35.76],
  "娄底": [111.99, 27.7],
  "白银": [104.14, 36.54],
  "张掖": [100.45, 38.93],
  "眉山": [103.85, 30.08],
  "张家界": [110.479191, 29.117096],
  "张家口": [114.87, 40.82],
  "绥化": [126.97, 46.65],
  "萍乡": [113.85, 27.62],
  "巴中": [106.75, 31.87],
  "崇左": [107.36, 22.38],
  "许昌": [113.85, 34.04],
  "贵港": [109.6, 23.11],
  "孝感": [113.92, 30.92]
}
